synapse_id	x_px	y_px	z_px	size_px	distance	detection_uncertainty	node_id	node_x_px	node_y_px	node_z_px	node_count	nearest_connector_id	nearest_connector_distance_nm	nearest_connector_x_nm	nearest_connector_y_nm	nearest_connector_z_nm
1	8159	5921	425	1631	0.0107384	0.270527	182635	8194	5873	425	4	182637	129.87686476043376	32548.0	23716.0	19215.0
2	8114	5902	424	190	0.0185894	0.425105	182634	8183	5882	424	2	182637	195.83921976968762	32548.0	23716.0	19215.0
3	8056	5923	420	3534	0.00894956	0.345492	182629	8112	5904	420	9	106853	150.2664300500947	32192.0	23808.0	18810.0
8	8308	5886	413	1334	0.0105959	0.292901	182619	8256	5861	413	4	182657	153.42750731208534	33224.0	23668.0	18675.0
13	8283	5908	408	7837	0.0059676	0.303153	182614	8262	5849	408	10	182677	130.44922383824292	33228.0	23708.0	18405.0
27	8378	5810	386	2130	0.0071136	0.354268	182528	8317	5788	386	8	182530	106.32497354808042	33440.0	23176.0	17415.0
31	8538	5682	381	1545	0.017027	0.32022	182517	8399	5728	381	5	181608	209.16022566444127	34264.0	22880.0	17055.0
41	8486	5844	359	2518	0.0111329	0.289142	181567	8521	5763	359	8	181547	212.69931828757703	33984.0	23172.0	16110.0
44	8512	5673	360	2633	0.0180805	0.318613	181568	8511	5773	360	6	181569	144.49913494550754	33952.0	22800.0	16200.0
47	8701	5828	347	1934	0.0144142	0.398624	181130	8663	5758	347	4	181385	172.04650534085255	34800.0	23140.0	15615.0
50	8623	5759	346	18	0.0154303	0.48555554283989799	181129	8661	5780	346	1	181385	328.18439938546743	34800.0	23140.0	15615.0
51	8636	5774	345	201	0.0138132	0.564826	181128	8663	5767	345	2	181385	274.90361947417136	34800.0	23140.0	15615.0
52	8755	5819	344	386	0.0175551	0.37272	181127	8666	5753	344	4	181385	291.75503423248756	34800.0	23140.0	15615.0
55	8800	5615	342	398	0.0087565	0.391031	181125	8670	5726	342	2	181347	215.25798475317936	35056.0	22620.0	15390.0
56	8810	5656	339	2622	0.0103556	0.338718	181122	8721	5797	339	9	181347	228.2476724963477	35056.0	22620.0	15390.0
65	8629	5581	332	677	0.0159646	0.359394	181097	8584	5646	332	2	181301	121.45781160551181	34552.0	22440.0	14940.0
71	8167	5673	319	863	0.0115	0.429791	180875	8200	5729	319	4	180839	338.56904761067574	32718.0	22940.0	14130.0
76	8074	5949	300	1301	0.0156657	0.393436	180739	8170	5823	300	6	180761	152.85614151874958	32260.0	23734.0	13365.0
82	8093	5908	284	755	0.0105315	0.397444	179440	8209	5837	284	4	179520	260.1922366251537	32616.0	23640.0	12870.0
83	8184	5945	285	281	0.0169085	0.341993	179441	8198	5826	285	3	179520	189.80252896102306	32616.0	23640.0	12870.0
87	8353	5809	283	915	0.0106484	0.400535	179439	8219	5847	283	5	179602	208.42504647954382	33292.0	23340.0	12600.0
89	8275	5981	281	318	0.0185327	0.467107	179434	8206	5842	281	2	179570	155.64061166674975	33168.0	23784.0	12645.0
90	8050	5800	281	263	0.015074	0.346578	179434	8206	5842	281	3	179494	161.00931650062986	32180.0	23068.0	12735.0
97	7920	5642	278	38	0.0197122	0.48394735235916941	179404	7993	5641	278	1	179406	196.468827043885	31862.0	22494.0	12510.0
106	8020	5493	264	139	0.0186955	0.490863	179390	7976	5498	264	2	138965	526.4218840435873	32392.0	21748.0	11520.0
112	7972	5537	251	4268	0.00897454	0.314337	179371	7950	5458	251	7	139084	199.80990966416056	31768.0	22016.0	11205.0
121	7868	5178	223	376	0.00705551	0.37891	179303	7840	5178	223	4	179307	80.75270893288967	31408.0	20732.0	10080.0
134	7701	4997	191	248	0.0172655	0.429758	179116	7723	4999	191	3	-1	9999999.0	-1	-1	-1
142	7851	4956	187	1623	0.0180718	0.379026	179106	7749	4991	187	5	-1	9999999.0	-1	-1	-1
152	7715	4893	187	1099	0.0127661	0.435159	179106	7749	4991	187	3	-1	9999999.0	-1	-1	-1
161	7756	5017	187	34	0.0160023	0.37352932200712319	179106	7749	4991	187	1	-1	9999999.0	-1	-1	-1
174	7723	5037	168	2448	0.00986922	0.374473	179082	7702	4987	168	6	-1	9999999.0	-1	-1	-1
178	7724	4942	170	268	0.0179794	0.44690300101664526	179087	7732	4994	170	1	-1	9999999.0	-1	-1	-1
179	7720	4942	168	1295	0.00831252	0.390263	179082	7702	4987	168	4	-1	9999999.0	-1	-1	-1
238	7502	4788	129	187	0.00750702	0.425294	178978	7549	4760	129	2	-1	9999999.0	-1	-1	-1
288	7590	4794	119	1044	0.0171921	0.570651	178963	7562	4704	119	2	-1	9999999.0	-1	-1	-1
287	7564	4643	117	1938	0.0110209	0.467559	178961	7572	4704	117	4	-1	9999999.0	-1	-1	-1
291	7582	4725	118	58	0.00994022	0.57827584496859852	178962	7567	4704	118	1	-1	9999999.0	-1	-1	-1
295	7817	4894	107	2403	0.015772	0.399105	178951	7717	4763	107	5	-1	9999999.0	-1	-1	-1
308	8022	4809	97	109	0.0157198	0.463211	178941	7941	4784	97	2	-1	9999999.0	-1	-1	-1
312	8123	4838	86	3933	0.00537725	0.313699	178231	8074	4894	86	5	-1	9999999.0	-1	-1	-1
316	8091	4996	85	42	0.0169909	0.27619	178230	8076	4899	85	2	230208	434.73325154627867	32552.0	20352.0	3960.0
317	8170	5107	85	44	0.0154585	0.3418181159279563	178224	8120	4997	85	1	230208	200.9601950635996	32552.0	20352.0	3960.0
322	8058	5088	91	2167	0.013854	0.342081	178218	8172	5090	91	9	230208	347.3110997362451	32552.0	20352.0	3960.0
335	8420	5188	107	647	0.0134044	0.379274	178197	8531	5229	107	4	-1	9999999.0	-1	-1	-1
344	8860	5317	118	1190	0.0108243	0.401563	178186	8814	5279	118	5	-1	9999999.0	-1	-1	-1
345	8814	5267	117	15	0.0164763	0.23666667938232422	178187	8800	5276	117	1	-1	9999999.0	-1	-1	-1
346	8829	5284	119	41	0.0	0.43292678274759433	178185	8828	5282	119	1	-1	9999999.0	-1	-1	-1
351	8898	5312	121	30	0.0140946	0.30266666412353516	178181	8901	5304	121	1	-1	9999999.0	-1	-1	-1
352	8863	5317	119	452	0.0112449	0.40146	178179	8928	5283	119	2	-1	9999999.0	-1	-1	-1
371	9320	5310	127	662	0.0122352	0.345574	178147	9351	5343	127	3	-1	9999999.0	-1	-1	-1
385	9340	5377	127	50	0.019921	0.4714	178147	9351	5343	127	2	-1	9999999.0	-1	-1	-1
378	9345	5348	128	443	0.00364016	0.539729	178146	9360	5359	128	3	-1	9999999.0	-1	-1	-1
407	9682	5579	127	80	0.0174499	0.46175	178131	9701	5631	127	2	-1	9999999.0	-1	-1	-1
408	9694	5599	126	2106	0.00349871	0.331382	178130	9712	5633	126	6	-1	9999999.0	-1	-1	-1
409	9805	5594	126	3562	0.0142755	0.316353	178130	9712	5633	126	6	-1	9999999.0	-1	-1	-1
420	9629	5594	127	103	0.0180924	0.3628155606464275	178131	9701	5631	127	1	-1	9999999.0	-1	-1	-1
431	9765	5664	125	167	0.018573	0.45718552823552117	178129	9723	5635	125	1	-1	9999999.0	-1	-1	-1
432	9773	5657	123	3302	0.00399917	0.529667	178123	9738	5645	123	5	-1	9999999.0	-1	-1	-1
436	9741	5636	122	128	0.0124487	0.388437	178122	9742	5654	122	4	-1	9999999.0	-1	-1	-1
450	10018	5656	122	739	0.0159286	0.306116	178112	10029	5598	122	5	-1	9999999.0	-1	-1	-1
459	10094	5608	124	382	0.00407444	0.517382	178110	10052	5598	124	3	183107	565.2043878102859	40496.0	22548.0	6120.0
467	9966	5582	124	347	0.0155899	0.483574	178110	10052	5598	124	2	183107	859.897668330366	40496.0	22548.0	6120.0
468	10015	5610	123	88	0.00771496	0.3014773455533114	178111	10050	5594	123	1	183107	737.5533878981236	40496.0	22548.0	6120.0
469	10064	5707	126	10394	0.0063224	0.34148	178108	10094	5589	126	7	183107	581.8075283115543	40496.0	22548.0	6120.0
471	9966	5563	126	1577	0.0187973	0.354692	178108	10094	5589	126	3	183107	830.3854526664109	40496.0	22548.0	6120.0
473	10028	5612	126	431	0.0103369	0.439907	178108	10094	5589	126	5	183107	599.9633322128944	40496.0	22548.0	6120.0
484	10089	5617	127	80	0.0130139	0.40324997901916504	178103	10133	5578	127	1	183107	435.918570377542	40496.0	22548.0	6120.0
485	10269	5664	127	565	0.0070042	0.45529218015417583	178103	10133	5578	127	1	183107	715.6039407381712	40496.0	22548.0	6120.0
506	10391	5787	131	1226	0.0105277	0.329747	178077	10343	5725	131	4	178082	156.74501586972391	41676.0	23248.0	5940.0
520	10953	5600	141	255	0.0131808	0.482706	178055	11004	5668	141	3	-1	9999999.0	-1	-1	-1
534	11059	5738	130	153	0.0199627	0.30503246830958941	178044	11027	5760	130	1	-1	9999999.0	-1	-1	-1
537	11057	5762	130	118	0.01336	0.37915245961334743	178044	11027	5760	130	1	-1	9999999.0	-1	-1	-1
539	11091	5820	129	793	0.0124821	0.416885	178043	11033	5760	129	3	-1	9999999.0	-1	-1	-1
548	11061	5732	128	322	0.00382695	0.306739	178042	11039	5759	128	3	-1	9999999.0	-1	-1	-1
550	11018	5802	129	2684	0.00723684	0.4022998156028782	178043	11033	5760	129	1	-1	9999999.0	-1	-1	-1
553	11068	5792	129	65	0.0176706	0.20184625478891227	178043	11033	5760	129	1	-1	9999999.0	-1	-1	-1
554	11029	5814	127	4026	0.0143657	0.307566	178041	11041	5764	127	5	-1	9999999.0	-1	-1	-1
557	11001	5749	127	416	0.0149814	0.455601	178041	11041	5764	127	2	-1	9999999.0	-1	-1	-1
558	11057	5760	128	97	0.00869332	0.35958748257037287	178042	11039	5759	128	1	-1	9999999.0	-1	-1	-1
566	11044	5883	121	327	0.0054846	0.446208	178035	11047	5862	121	3	-1	9999999.0	-1	-1	-1
572	11048	5937	118	2599	0.0	0.459958	178032	11043	5927	118	4	-1	9999999.0	-1	-1	-1
579	11339	5944	120	278	0.0157924	0.359137	38617	11373	5988	120	3	38600	503.4888280786377	45776.0	24050.0	5445.0
581	11418	6002	121	900	0.0134668	0.340678	176615	11377	5989	121	3	38600	112.16059914247963	45776.0	24050.0	5445.0
585	11366	6089	123	4729	0.0164839	0.421328	176613	11392	5982	123	3	38600	446.183818621877	45776.0	24050.0	5445.0
593	11590	5922	121	545	0.00765822	0.512074	176606	11625	5914	121	3	38600	687.0953354520753	45776.0	24050.0	5445.0
608	12388	5690	101	1272	0.0156293	0.383333	168511	12427	5654	101	5	-1	9999999.0	-1	-1	-1
609	12517	5693	103	357	0.0196649	0.518235	168513	12403	5622	103	2	-1	9999999.0	-1	-1	-1
610	12524	5700	102	912	0.0100836	0.55682	168512	12415	5638	102	2	-1	9999999.0	-1	-1	-1
612	12467	5667	102	43	0.016285	0.48395352030909333	168512	12415	5638	102	1	-1	9999999.0	-1	-1	-1
613	12496	5680	101	2148	0.0	0.511312	168511	12427	5654	101	3	-1	9999999.0	-1	-1	-1
638	12776	5540	70	3120	0.00737059	0.326926	168397	12805	5625	70	5	168469	917.7537796162977	51668.0	22236.0	3870.0
649	13536	5131	44	1340	0.0183459	0.384187	165611	13664	5157	44	4	165639	1027.6263912531635	53648.0	21064.0	2700.0
651	13656	5174	39	445	0.0128692	0.271528	163920	13779	5209	39	3	-1	9999999.0	-1	-1	-1
652	14105	5495	34	412	0.0164431	0.544854	163915	14146	5404	34	2	-1	9999999.0	-1	-1	-1
660	15267	6401	4	227	0.0158641	0.406608	163760	15142	6297	4	2	-1	9999999.0	-1	-1	-1
665	8441	5769	421	519	0.00891752	0.515819	182746	8376	5819	421	2	182787	174.6568063374571	33620.0	23164.0	18990.0
668	8354	5768	416	1523	0.00611948	0.288365	182741	8420	5738	416	5	182755	148.4082207965583	33556.0	23092.0	18675.0
678	8416	5806	405	2067	0.00613582	0.377242	182704	8374	5797	405	9	182711	113.43720729989786	33652.0	23156.0	18315.0
683	8440	5768	421	588	0.00891752	0.410085	182746	8376	5819	421	2	182787	173.46181135915768	33620.0	23164.0	18990.0
689	8299	6205	405	548	0.00799884	0.359507	181858	8283	6130	405	4	181824	170.83617883809038	33184.0	24716.0	18090.0
690	8312	6187	403	786	0.00643926	0.414071	181856	8282	6133	403	4	181824	84.52810183601665	33184.0	24716.0	18090.0
693	8270	6053	400	930	0.00943075	0.322839	181795	8303	6128	400	5	181797	151.132392292321	33180.0	24316.0	18045.0
694	8226	6049	398	1957	0.0117137	0.397537	181793	8293	6086	398	6	181797	329.8499658935862	33180.0	24316.0	18045.0
695	8375	6077	396	992	0.0185886	0.418427	181791	8299	6066	396	4	181797	391.26589424584404	33180.0	24316.0	18045.0
704	8292	6131	380	1334	0.0126928	0.308043	181694	8273	6053	380	6	181718	955.2737827450306	32420.0	24136.0	16650.0
707	8201	5909	370	49	0.0163971	0.52204089262047593	181642	8270	5903	370	1	181648	245.17748673155128	32940.0	23732.0	16470.0
709	8194	5931	368	440	0.00751114	0.371295	181640	8295	5876	368	2	181648	187.2431574183687	32940.0	23732.0	16470.0
720	8146	6086	371	3285	0.00655435	0.316633	181716	8097	6018	371	7	181718	268.6726632912251	32420.0	24136.0	16650.0
721	8068	6054	370	2461	0.00317977	0.340825	181717	8083	6012	370	6	181718	168.23792675850473	32420.0	24136.0	16650.0
724	8077	5913	372	1243	0.0185538	0.542478	181715	8111	6023	372	4	181718	504.8762224545735	32420.0	24136.0	16650.0
732	8593	5681	395	231	0.0160665	0.482251	182901	8658	5662	395	3	182843	155.46382215808282	34460.0	22844.0	17730.0
733	8575	5701	393	1920	0.00877088	0.364484	182841	8631	5690	393	7	182843	170.9532099727876	34460.0	22844.0	17730.0
738	8575	5793	386	261	0.0045729	0.353755	182834	8587	5738	386	5	182881	116.72617529928752	34356.0	23080.0	17325.0
740	8630	5738	383	739	0.00878128	0.369702	182509	8554	5734	383	4	182881	226.6715685744465	34356.0	23080.0	17325.0
741	8539	5681	381	1665	0.00947562	0.319838	182507	8551	5732	381	5	181608	210.0	34264.0	22880.0	17055.0
753	8378	5810	386	2130	0.0121854	0.354268	182522	8428	5707	386	8	182530	106.32497354808042	33440.0	23176.0	17415.0
758	9011	6130	397	260	0.00722476	0.401577	182452	9021	6112	397	2	182454	120.30378215168466	36016.0	24628.0	17910.0
766	8905	5991	377	1039	0.00784819	0.323917	182365	8932	5965	377	7	182372	149.9333185119305	35768.0	23940.0	16965.0
772	8875	5949	372	2734	0.0078747	0.35632	182360	8924	5885	372	5	182372	378.3979386836033	35768.0	23940.0	16965.0
775	8816	5682	360	1259	0.0124887	0.311469	182033	8943	5685	360	4	181992	128.94960255851896	35292.0	22816.0	16110.0
776	9052	5532	359	1017	0.00498531	0.299842	182024	9015	5599	359	3	182207	210.86725682286476	36296.0	22264.0	16020.0
778	8807	5682	358	1049	0.00642065	0.264414	181991	8811	5729	358	2	181992	108.81176406988355	35292.0	22816.0	16110.0
779	8862	5807	358	778	0.0153318	0.389396	181991	8811	5729	358	2	181992	440.54511687226767	35292.0	22816.0	16110.0
784	8160	5957	382	699	0.00845853	0.368383	181688	8126	6020	382	4	181763	42.5205832509386	32612.0	23860.0	17190.0
786	9497	5332	332	952	0.0111323	0.430924	182058	9589	5385	332	4	182077	201.9108714259834	38100.0	21496.0	14940.0
788	9457	5243	334	475	0.0159747	0.358716	182055	9592	5388	334	2	182077	597.2101807571603	38100.0	21496.0	14940.0
790	9526	5490	338	4271	0.010919	0.325856	182050	9574	5419	338	6	182118	145.3031314184247	38156.0	21832.0	15165.0
798	9665	5546	343	80	0.0151175	0.358375	182045	9598	5453	343	2	182150	130.59862173851607	38576.0	22084.0	15435.0
799	9680	5559	345	106	0.0172296	0.383491	182043	9652	5459	345	3	182150	227.90348834539589	38576.0	22084.0	15435.0
805	9524	5589	347	176	0.0171063	0.42392	182041	9624	5454	347	2	182150	580.3309400678203	38576.0	22084.0	15435.0
810	9060	5527	359	1746	0.00498531	0.287732	182025	9185	5509	359	3	182207	213.76856644511605	36296.0	22264.0	16020.0
811	8281	6036	353	1293	0.00739945	0.362359	181964	8235	6024	353	4	181907	78.74642849044012	33100.0	24084.0	15930.0
812	8296	5891	355	701	0.0195172	0.384579	181905	8247	5999	355	5	181943	446.5153972709116	33344.0	23940.0	16155.0
816	8332	6009	360	1668	0.0102346	0.396853	181900	8286	5971	360	5	181943	107.2240644631605	33344.0	23940.0	16155.0
822	8188	5933	366	2640	0.00790593	0.316144	181647	8281	5943	366	6	181648	188.0	32940.0	23732.0	16470.0
824	8386	5809	384	364	0.0112552	0.359725	182524	8314	5770	384	2	182530	180.66820417549957	33440.0	23176.0	17415.0
825	8952	5822	377	988	0.00473759	0.425638	182328	8973	5790	377	3	182331	211.20606051910536	35976.0	23416.0	16965.0
834	9681	5809	263	1980	0.0120629	0.301071	180625	9569	5747	263	5	-1	9999999.0	-1	-1	-1
836	9523	5583	266	789	0.0194153	0.431521	180622	9476	5708	266	4	-1	9999999.0	-1	-1	-1
841	9265	5673	271	142	0.0158157	0.45985917642082963	180617	9286	5706	271	1	180575	768.7216661445156	36932.0	23174.0	12780.0
842	9264	5687	272	463	0.00884561	0.493672	180616	9287	5703	272	3	180575	698.8934110434867	36932.0	23174.0	12780.0
843	9284	5730	272	246	0.00507691	0.486585	180616	9287	5703	272	3	180575	630.6599717755995	36932.0	23174.0	12780.0
851	9218	5718	282	411	0.00721246	0.508175	180552	9158	5781	282	2	180575	320.78653338318304	36932.0	23174.0	12780.0
852	9244	5789	282	292	0.0127553	0.439007	180552	9158	5781	282	2	180575	101.78408519999579	36932.0	23174.0	12780.0
857	8975	5879	274	2558	0.00586725	0.321591	180477	8938	5785	274	12	180481	236.90715480964266	35854.0	23288.0	12285.0
858	8995	5895	278	120	0.0147117	0.370083	180539	8992	5839	278	3	180481	389.5702760735218	35854.0	23288.0	12285.0
864	8943	5877	272	102	0.0165393	0.384118	180475	8908	5777	272	2	180481	239.0585702291386	35854.0	23288.0	12285.0
868	8781	5775	265	5013	0.00940519	0.266312	180389	8893	5768	265	7	180390	148.08105888330215	35266.0	23058.0	11925.0
874	8863	5865	261	2085	0.00582624	0.283578	137483	8937	5799	261	8	137478	108.81176406988355	35516.0	23372.0	11745.0
878	8719	5770	254	456	0.00848769	0.40614	180233	8711	5829	254	5	180352	174.33588270921163	34834.0	23182.0	11565.0
881	8512	5775	261	769	0.0199026	0.376034	179675	8469	5891	261	6	180239	807.4081991161596	34646.0	23048.0	11205.0
883	8331	5993	266	3710	0.0123218	0.285105	179639	8258	5856	266	8	179761	288.3053936366783	33200.0	23784.0	11790.0
886	8188	5972	266	2857	0.00961717	0.332408	179639	8258	5856	266	5	179787	118.69709347747316	32772.0	23780.0	12015.0
889	8348	5993	278	293	0.0166708	0.32744	179437	8274	5868	278	2	179570	322.09470656935673	33168.0	23784.0	12645.0
893	8274	5981	281	274	0.0171616	0.440328	179434	8206	5842	281	2	179570	157.42934923323543	33168.0	23784.0	12645.0
894	8322	5986	280	52	0.0141351	0.46384616998525763	179435	8228	5850	280	1	179570	205.0	33168.0	23784.0	12645.0
897	8058	5803	281	38	0.0176834	0.35499999397679383	179434	8206	5842	281	1	179494	177.5950449759227	32180.0	23068.0	12735.0
898	9062	5527	360	1206	0.0180966	0.339925	182038	9198	5536	360	3	182207	242.98148077579904	36296.0	22264.0	16020.0
899	9056	5529	360	1484	0.00498531	0.324016	182190	9042	5609	360	3	182207	243.90161951081834	36296.0	22264.0	16020.0
901	9006	5796	301	896	0.0122103	0.387444	181539	9056	5760	301	4	181519	111.46748404803976	35980.0	23092.0	13590.0
906	8871	5672	318	3855	0.00472171	0.321808	181464	8862	5721	318	9	181465	80.09993757800315	35480.0	22608.0	14310.0
916	9052	5531	358	2437	0.00498531	0.314907	182283	8981	5658	358	4	182207	188.26576959181932	36296.0	22264.0	16020.0
927	8510	6344	330	26	0.0121167	0.53269232236422026	180117	8527	6360	330	1	180119	122.34786471369249	34060.0	25264.0	14895.0
955	8558	6131	287	2190	0.00722793	0.301662	179989	8517	6177	287	8	179990	94.40338976964757	34156.0	24580.0	12915.0
957	8598	6214	286	1112	0.00855141	0.321142	179988	8509	6173	286	5	179944	150.28306624500314	34260.0	24800.0	12825.0
958	8579	6246	286	529	0.00515361	0.363289	179988	8509	6173	286	4	179944	197.52721331502656	34260.0	24800.0	12825.0
959	8426	6117	285	2673	0.00877277	0.322529	179943	8501	6168	285	5	179917	168.21712160181556	33860.0	24512.0	12780.0
960	8583	6195	284	15	0.0132803	0.74533338546752925	179916	8508	6166	284	1	179944	87.22958213817145	34260.0	24800.0	12825.0
968	8494	6056	272	1724	0.013185	0.338405	179677	8433	5999	272	4	179685	127.12198865656563	33860.0	24276.0	12240.0
967	8494	6044	274	108	0.00997056	0.53064816086380562	179679	8474	6099	274	1	179685	177.6400855662933	33860.0	24276.0	12240.0
969	8417	5849	271	1000	0.0173054	0.32047	179676	8383	5928	271	2	179729	173.26280616450836	33520.0	23392.0	12285.0
972	8431	5763	347	3411	0.00718129	0.270062	181155	8359	5784	347	5	181237	145.3031314184247	33596.0	23000.0	15570.0
974	8314	5748	348	173	0.0113331	0.281965	181156	8358	5790	348	2	181339	100.0	33356.0	22992.0	15660.0
975	8314	5775	348	251	0.00563676	0.311753	181156	8358	5790	348	2	181339	147.18695594379278	33356.0	22992.0	15660.0
978	8374	5891	345	956	0.0168851	0.418452	181153	8364	5791	345	4	181193	551.094365785026	33460.0	23192.0	15120.0
979	8363	5610	343	431	0.0104788	0.495545	181151	8371	5744	343	3	181339	603.7756205743984	33356.0	22992.0	15660.0
980	8380	5843	340	2811	0.00917298	0.319601	181148	8383	5717	340	8	181193	261.5339366124404	33460.0	23192.0	15120.0
981	8334	5825	337	230	0.0130046	0.426435	181145	8371	5685	337	3	181193	170.48460341039598	33460.0	23192.0	15120.0
982	8418	5521	333	2448	0.00823359	0.320331	181141	8296	5657	333	7	181275	209.990475974507	33872.0	22148.0	14985.0
984	8390	5809	335	126	0.0109468	0.392778	181143	8332	5662	335	3	181193	118.15667564721005	33460.0	23192.0	15120.0
987	8235	5427	332	656	0.00720622	0.263003	181157	8208	5497	332	2	181161	144.03124660989366	32856.0	21816.0	14985.0
988	8175	5449	332	285	0.00918436	0.40845583196271928	181157	8208	5497	332	1	181161	163.58789686281807	32856.0	21816.0	14985.0
989	8417	5520	333	535	0.0167775	0.32710257556950939	181141	8296	5657	333	1	181275	215.0348808914498	33872.0	22148.0	14985.0
990	8652	5628	230	2435	0.00902149	0.314858	149473	8661	5679	230	4	149468	248.51559307214507	34472.0	22304.0	10350.0
994	8745	5756	241	1031	0.0118215	0.482076	180278	8665	5753	241	3	180280	128.47178678604885	34864.0	22992.0	10800.0
997	8659	5729	250	685	0.0094755	0.433737	180237	8666	5830	250	6	180239	139.8177385026664	34646.0	23048.0	11205.0
1001	8718	5765	253	60	0.00972396	0.29516665140787757	180232	8673	5817	253	1	180352	220.74419584668584	34834.0	23182.0	11565.0
1003	8654	5626	231	1091	0.0107818	0.298607	149485	8695	5610	231	2	149468	250.52145616693193	34472.0	22304.0	10350.0
1005	8745	5753	240	894	0.0118215	0.480291	180322	8699	5693	240	2	180280	117.71151175649729	34864.0	22992.0	10800.0
1012	8169	5674	318	378	0.0168486	0.435159	180888	8303	5623	318	2	180839	306.10455730027934	32718.0	22940.0	14130.0
1025	8866	5866	260	1362	0.00636651	0.28793	180384	8935	5840	260	5	137478	114.8607853011636	35516.0	23372.0	11745.0
1030	8719	5771	255	261	0.00848769	0.423716	180347	8685	5830	255	3	180352	139.52777501271925	34834.0	23182.0	11565.0
1036	8074	5951	300	1432	0.00634437	0.406543	180749	8039	5910	300	6	180761	156.27219842313605	32260.0	23734.0	13365.0
1042	8075	5952	299	1548	0.00634437	0.404005	180752	8010	6058	299	6	180761	123.19090875547595	32260.0	23734.0	13365.0
1046	8200	5794	255	37	0.0144874	0.50297288636903503	179876	8190	5830	255	1	179879	108.81176406988355	32832.0	23280.0	11475.0
1047	8180	5737	260	1850	0.0177445	0.277432	179871	8210	5872	260	5	179819	182.9207478663916	32652.0	23092.0	11790.0
1049	8327	5990	264	1753	0.0129622	0.305625	179667	8252	5867	264	4	179761	225.25541058984575	33200.0	23784.0	11790.0
1051	8179	5972	264	946	0.00961717	0.311934	179667	8252	5867	264	3	179787	181.72781845386248	32772.0	23780.0	12015.0
1060	8494	6056	272	1699	0.0103525	0.338099	179682	8472	6122	272	3	179685	127.12198865656563	33860.0	24276.0	12240.0
1063	8239	6061	270	155	0.00793145	0.492968	179845	8254	6061	270	3	179787	517.0850993792028	32772.0	23780.0	12015.0
1066	8197	5973	268	888	0.0172278	0.362388	179835	8266	5993	268	3	179787	121.75795661885921	32772.0	23780.0	12015.0
1067	8330	5994	268	736	0.0190974	0.370027	179835	8266	5993	268	3	180183	349.4166567294696	33614.0	23810.0	11970.0
1070	8005	5721	289	225	0.0108421	0.497111	179459	7990	5665	289	3	179462	179.10890541790488	32108.0	22728.0	13005.0
1071	8053	5801	283	1430	0.00866682	0.345252	179453	7979	5691	283	5	179494	139.71399357258383	32180.0	23068.0	12735.0
1074	8337	5135	16	1982	0.00651968	0.299606	182915	8265	5089	16	9	179216	99.20181449953424	33278.0	20486.0	765.0
1075	8141	5158	17	1517	0.01114	0.31116	179215	8273	5095	17	7	179272	168.2646724657318	32466.0	20610.0	900.0
1077	8231	5165	15	16	0.0136822	0.46999996900558472	182916	8257	5083	15	1	179216	404.5886800195972	33278.0	20486.0	765.0
1078	8241	5176	18	1481	0.0050436	0.383369	179214	8256	5099	18	7	179216	384.8960898736177	33278.0	20486.0	765.0
1079	8125	5117	21	439	0.00993446	0.435991	179211	8232	5102	21	2	179272	152.79070652366264	32466.0	20610.0	900.0
1082	8154	5090	36	2468	0.00890811	0.364125	179196	8205	5058	36	6	140447	156.8980560746372	32680.0	20496.0	1575.0
1093	8169	5107	84	149	0.0109314	0.456577	178225	8128	4999	84	3	230208	231.41305062593165	32552.0	20352.0	3960.0
1094	8124	4850	85	180	0.0158694	0.320667	178224	8120	4997	85	2	-1	9999999.0	-1	-1	-1
1102	7463	5169	163	271	0.0120591	0.504686	179070	7398	5238	163	2	179036	319.65762934740036	29782.0	20460.0	7560.0
1107	7358	5300	164	938	0.00767257	0.359552	179069	7412	5210	164	3	179036	838.1527307120105	29782.0	20460.0	7560.0
1110	7371	5160	166	629	0.0147438	0.301462	179033	7478	5140	166	3	179036	359.58865388107006	29782.0	20460.0	7560.0
1114	7463	5169	163	271	0.0152941	0.504686	179030	7509	5066	163	2	179036	319.65762934740036	29782.0	20460.0	7560.0
1116	8510	4914	16	729	0.0198316	0.409273	182943	8466	5010	16	3	183009	597.6788435271906	33692.0	20060.0	450.0
1117	8365	4958	16	242	0.0168467	0.37157	182943	8466	5010	16	3	183053	151.7893276880822	33508.0	19976.0	720.0
1119	8517	5011	14	1096	0.0129463	0.277372	182941	8466	4999	14	3	183009	417.17142759302203	33692.0	20060.0	450.0
1120	8432	5069	13	715	0.0155934	0.319063	182940	8466	4993	13	2	183009	257.24890670321616	33692.0	20060.0	450.0
1122	7373	5161	167	1012	0.0147438	0.26158	179034	7494	5121	167	2	179036	346.3827362903642	29782.0	20460.0	7560.0
1125	12332	6776	323	282	0.00805941	0.234362	170162	12296	6785	323	3	170165	100.5236290630218	49296.0	27020.0	14580.0
1126	12321	6814	324	131	0.00748644	0.28190845751580396	170163	12304	6789	324	1	170191	91.48223871331527	49234.0	27318.0	14625.0
1130	12295	6840	306	1821	0.0141738	0.338133	170107	12385	6853	306	7	170113	584.7161704622166	49388.0	27858.0	13545.0
1132	12361	6950	303	621	0.0142479	0.400902	170104	12389	6860	303	6	170113	120.83045973594572	49388.0	27858.0	13545.0
1138	12317	6809	284	806	0.0145466	0.426117	170053	12306	6854	284	4	170057	140.12851244482687	49274.0	27096.0	12780.0
1139	12322	6910	282	1045	0.00856258	0.422813	170025	12311	6884	282	7	170026	106.90182411914213	49256.0	27742.0	12690.0
1145	12445	6730	265	294	0.0184904	0.478197	169993	12452	6774	265	2	169945	215.37873618349607	49928.0	26792.0	11835.0
1201	12698	6423	152	973	0.0170861	0.330647	168858	12644	6459	152	5	168860	120.7683733433551	50904.0	25688.0	6885.0
1203	12633	6386	152	269	0.0153842	0.308885	168858	12644	6459	152	2	168710	357.56537863725003	50450.0	25396.0	6525.0
1204	12628	6379	148	4201	0.0139348	0.323056	168854	12622	6461	148	9	168710	190.9685838037241	50450.0	25396.0	6525.0
1219	12628	6429	130	5316	0.0167364	0.290877	168624	12557	6327	130	8	168657	234.48880570295887	50550.0	25770.0	6075.0
1234	12535	6330	129	4069	0.00220552	0.426821	168623	12559	6333	129	4	230242	227.1299187689724	50152.0	25182.0	5985.0
1237	12617	6294	128	6376	0.00855073	0.393534	168622	12563	6292	128	5	168628	201.17653938767313	50542.0	25012.0	5850.0
1250	12521	6218	128	901	0.0166787	0.486171	168622	12563	6292	128	3	230242	389.0359880525194	50152.0	25182.0	5985.0
1284	12648	6139	127	816	0.00767131	0.364375	168559	12567	6252	127	3	168608	115.43396380615195	50696.0	24534.0	5670.0
1340	12612	6135	110	56	0.0141971	0.37839290073939735	168542	12515	5988	110	1	230283	239.45145645829763	50624.0	24696.0	4905.0
1341	12361	5890	106	44	0.0180938	0.58977270126342773	168530	12496	5876	106	1	177081	2166.977849448397	48116.0	24988.0	5715.0
1344	12387	5690	102	943	0.0156293	0.404146	168526	12448	5701	102	4	-1	9999999.0	-1	-1	-1
1345	12524	5700	102	912	0.0186892	0.55682	168526	12448	5701	102	2	-1	9999999.0	-1	-1	-1
1353	8050	5103	87	265	0.0185328	0.371698	178240	8093	5178	87	2	230208	359.9013753794225	32552.0	20352.0	3960.0
1354	8068	5206	87	1017	0.00332345	0.316922	178240	8093	5178	87	3	22678	259.8557292037257	32142.0	21004.0	4050.0
1356	8168	5107	84	263	0.00932362	0.491445	178237	8102	5123	84	4	230208	229.29457036746422	32552.0	20352.0	3960.0
1358	8126	4851	84	52	0.0158694	0.35269238398625302	178225	8128	4999	84	1	-1	9999999.0	-1	-1	-1
1359	13115	6175	278	1411	0.002272	0.334408	170642	13097	6196	278	3	170644	104.4030650891055	52362.0	24664.0	12510.0
1360	13121	6169	276	924	0.0164003	0.41526	170640	13047	6192	276	3	170644	152.07892687680302	52362.0	24664.0	12510.0
1361	12963	6246	271	1302	0.00794052	0.399678	170595	12949	6207	271	9	170667	196.06121493043952	52020.0	24938.0	12285.0
1362	12854	6170	271	597	0.0187438	0.273551	170595	12949	6207	271	2	170600	146.1642911247477	51556.0	24638.0	12195.0
1363	13038	6189	271	2350	0.00861754	0.39626	170595	12949	6207	271	4	170667	242.17349153034897	52020.0	24938.0	12285.0
1365	12851	6169	271	2051	0.00694148	0.320629	170595	12949	6207	271	5	170600	156.6780137734711	51556.0	24638.0	12195.0
1371	12846	6403	268	3441	0.00922069	0.316353	170530	12857	6256	268	13	170479	142.84257068535277	51484.0	25510.0	12060.0
1376	12835	6358	269	659	0.00987581	0.424264	170519	12819	6337	269	5	170479	169.83815825661793	51484.0	25510.0	12060.0
1384	12262	6346	281	140	0.014073	0.30557125636509486	171315	12302	6339	281	1	171321	153.1926891205974	49086.0	25502.0	12735.0
1385	12285	6354	281	25	0.0189891	0.47199996948242184	171315	12302	6339	281	1	171321	135.69082503986775	49086.0	25502.0	12735.0
1388	12348	6444	271	3714	0.0024571	0.284362	171274	12347	6409	271	9	171282	125.88883985484972	49310.0	25744.0	12285.0
1389	12413	6395	270	601	0.0186725	0.360732	171273	12369	6417	270	4	171282	402.5978142017167	49310.0	25744.0	12285.0
1393	12420	6434	263	158	0.0164863	0.381013	171263	12523	6424	263	4	171229	212.08488866489287	49738.0	25832.0	11655.0
1395	12545	6488	258	1344	0.0152104	0.310506	171199	12501	6468	258	7	171200	93.23089616645332	50234.0	25876.0	11610.0
1403	12859	6163	272	24	0.0174748	0.65333334604899096	170591	12873	6202	272	1	170600	128.9224573144648	51556.0	24638.0	12195.0
1405	12489	6798	277	44	0.0158173	0.33204546841708094	170009	12509	6804	277	1	169945	746.7824315019736	49928.0	26792.0	11835.0
1408	12755	6188	257	1062	0.0047409	0.379539	170755	12733	6199	257	4	170759	139.16896205691842	51092.0	24830.0	11475.0
1409	12801	6274	260	5166	0.00423528	0.332952	170709	12725	6228	260	9	170541	220.72833982069452	51368.0	25036.0	11835.0
1417	12847	6405	266	248	0.0196002	0.406774	170426	12762	6457	266	2	170479	171.51093259614677	51484.0	25510.0	12060.0
1423	12738	6280	265	110	0.0124184	0.48890911449085583	170713	12751	6266	265	1	170718	82.15229759416349	50884.0	25130.0	11970.0
1427	12811	6276	262	2323	0.00423528	0.332656	170710	12741	6262	262	4	170541	148.4082207965583	51368.0	25036.0	11835.0
1443	12834	6356	270	233	0.0138704	0.424592	170505	12796	6356	270	2	170479	193.39079605813717	51484.0	25510.0	12060.0
1446	12740	6319	269	22	0.019747	0.48681814020330261	171396	12750	6348	269	1	170718	212.8778992756176	50884.0	25130.0	11970.0
1454	12620	6358	267	183	0.0153832	0.35601089560920418	171267	12645	6390	267	1	171350	94.57801012920498	50554.0	25394.0	12060.0
1462	13012	6091	195	108	0.0159477	0.581389	169421	12993	6084	195	3	169423	165.32392446346051	52184.0	24270.0	8775.0
1466	12977	6085	207	1911	0.00480777	0.404008	169382	12910	6107	207	5	169383	146.0	52004.0	24230.0	9315.0
1471	12767	6128	217	130	0.0112839	0.53600003169133115	169250	12732	6167	217	1	169258	96.22889378975526	51034.0	24510.0	9855.0
1472	12675	6288	215	62	0.0163882	0.42580653775122856	169248	12699	6211	215	1	169221	209.43734146517426	50642.0	25332.0	9585.0
1473	12676	6292	213	27	0.016176	0.1844444981327763	169220	12702	6283	213	1	169221	175.32826355154492	50642.0	25332.0	9585.0
1482	12613	6352	268	1507	0.00537396	0.322322	171347	12640	6390	268	3	171350	102.95630140987001	50554.0	25394.0	12060.0
1487	13233	6096	258	243	0.0197777	0.472222	169630	13249	6057	258	2	169632	213.27212663637036	52796.0	24542.0	11565.0
1492	13061	6032	231	1280	0.0139829	0.410023	169480	13081	6057	231	4	169481	182.04395073717774	52392.0	24022.0	10395.0
1513	13061	6032	231	1280	0.0117454	0.410023	169513	13001	6023	231	4	169481	182.04395073717774	52392.0	24022.0	10395.0
1515	12493	6437	241	308	0.0119518	0.358669	169835	12513	6452	241	3	169838	134.6699669562594	50016.0	25658.0	10935.0
1520	12562	6831	209	1376	0.0109033	0.342354	169754	12516	6795	209	5	169759	143.90274493559878	50360.0	27332.0	9315.0
1519	12491	6800	208	457	0.0132171	0.361729	169755	12518	6803	208	4	169779	101.23734488813898	49904.0	27268.0	9405.0
1523	12468	6758	218	1512	0.0110943	0.38707	169743	12515	6740	218	6	230539	80.5791536316931	49820.0	26990.0	9855.0
1534	12764	6139	218	212	0.00659432	0.375283	169253	12726	6176	218	2	169258	68.00735254367721	51034.0	24510.0	9855.0
1535	12767	6127	217	156	0.0112839	0.52282	169250	12732	6167	217	2	169258	96.22889378975526	51034.0	24510.0	9855.0
1541	12192	6966	39	2376	0.00679499	0.315758	172478	12157	6990	39	6	172481	112.60994627474076	48828.0	27948.0	1710.0
1550	12262	6838	54	637	0.0160705	0.371146	172413	12164	6910	54	4	172309	615.1300675466937	49610.0	27106.0	2385.0
1560	12344	6812	84	2326	0.00257803	0.341264	171889	12324	6770	84	9	171892	186.36523280912672	49530.0	27194.0	3690.0
1562	12354	6771	90	306	0.0121325	0.465392	171853	12329	6739	90	3	171855	107.64757312638311	49504.0	27022.0	4050.0
1567	12391	6753	103	280	0.0172983	0.498071	171841	12338	6779	103	3	171855	588.1538914263851	49504.0	27022.0	4050.0
1573	12496	6635	114	70	0.015358	0.392571	171447	12521	6610	114	2	171571	211.43320458244017	50032.0	26640.0	5310.0
1581	12482	6501	120	509	0.016236	0.302927	171439	12556	6476	120	2	171512	193.2174940319846	50046.0	26076.0	5535.0
1586	12495	6497	122	3201	0.0137478	0.2995	171437	12559	6447	122	6	171512	118.84864324004712	50046.0	26076.0	5535.0
1600	12521	6216	127	330	0.0166787	0.41727253306995737	168559	12567	6252	127	1	230242	422.6677181900695	50152.0	25182.0	5985.0
1628	12764	6139	218	212	0.00659432	0.375283	169253	12726	6176	218	2	169258	68.00735254367721	51034.0	24510.0	9855.0
1645	9745	5858	125	2733	0.0180284	0.372902	183100	9674	5758	125	3	-1	9999999.0	-1	-1	-1
1672	12370	6762	54	135	0.0163319	0.404296	172307	12336	6783	54	3	172309	149.29500996349475	49610.0	27106.0	2385.0
1674	12328	6748	63	2193	0.00874474	0.307788	172237	12304	6774	63	8	172280	86.81589716175259	49306.0	26918.0	2790.0
1693	11970	6171	29	558	0.00466409	0.392742	177537	11997	6141	29	2	177566	126.8857754044952	47792.0	24668.0	1215.0
1696	12033	6206	31	911	0.0192808	0.346938	177535	11986	6120	31	5	177538	93.1933474020544	48210.0	24800.0	1350.0
1695	11963	6177	30	482	0.017157	0.465602	177536	11991	6130	30	3	177566	153.05227865013967	47792.0	24668.0	1215.0
1698	12044	6167	30	32	0.019048	0.49406248331069946	177536	11991	6130	30	1	177538	136.3084736911099	48210.0	24800.0	1350.0
1716	12164	5903	69	4315	0.0169596	0.314261	177228	12051	5845	69	9	-1	9999999.0	-1	-1	-1
1723	12085	5813	82	1941	0.0181085	0.324858	177215	11993	5854	82	6	177190	733.0702558418259	47904.0	23016.0	4230.0
1724	12003	5830	85	100	0.00601631	0.4324	177212	11985	5855	85	2	177190	517.7885668880687	47904.0	23016.0	4230.0
1739	11816	6109	108	778	0.00687947	0.357481	177021	11823	6016	108	4	230322	181.0994202089007	47418.0	24520.0	4815.0
1750	10109	5620	136	439	0.0137684	0.284328	183105	10125	5603	136	2	183107	90.68627239003708	40496.0	22548.0	6120.0
1764	12126	6226	41	711	0.00365345	0.245724	177482	12123	6193	41	2	177510	95.01578816175763	48552.0	24986.0	1845.0
1780	12603	6495	194	522	0.0109089	0.422433	169092	12608	6473	194	4	169097	107.8702924812944	50368.0	26020.0	8820.0
1784	10391	5782	132	180	0.0105277	0.29327774047851562	178076	10405	5736	132	1	178082	164.14627622946554	41676.0	23248.0	5940.0
1786	12152	6257	66	2217	0.00240607	0.309039	177600	12106	6248	66	3	177603	146.37281168304446	48682.0	25146.0	3015.0
1795	12153	6254	59	1267	0.00759194	0.264348	177432	12084	6236	59	3	177435	165.10905486980417	48768.0	25046.0	2610.0
1804	12363	5487	73	2806	0.00559589	0.234651	177346	12283	5550	73	10	177383	262.2994471972825	49592.0	21772.0	3150.0
1805	12270	5533	71	641	0.00754092	0.400671	177380	12334	5527	71	3	177348	124.06449935416659	49084.0	22256.0	3195.0
1809	12158	5581	67	2899	0.0091224	0.394826	177277	12115	5608	67	9	177282	132.61975720080324	48754.0	22272.0	3015.0
1814	11844	6270	168	651	0.00433995	0.408633	177855	11837	6302	168	4	177859	107.91200118615167	47438.0	25004.0	7515.0
1826	11983	6156	167	576	0.0071261	0.508003	177814	12011	6168	167	3	177815	150.2664300500947	47784.0	24650.0	7515.0
1834	12037	6134	158	1854	0.0078115	0.273118	177804	12021	6169	158	3	177766	130.91982279242512	48236.0	24572.0	7020.0
1837	12020	6183	158	198	0.00448798	0.41787885415433634	177804	12021	6169	158	1	177766	240.90662091358138	48236.0	24572.0	7020.0
1843	12048	6129	155	3069	0.00486602	0.334403	177764	12035	6170	155	3	177766	84.2436941260294	48236.0	24572.0	7020.0
1851	12081	6148	146	2013	0.00816706	0.375375	177681	12133	6155	146	6	177683	204.26698215815497	48258.0	24404.0	6615.0
1854	12027	6183	145	4515	0.0197246	0.37035	177680	12138	6164	145	10	177683	371.7310855981781	48258.0	24404.0	6615.0
1871	12190	6219	128	5870	0.00493776	0.298711	177651	12133	6149	128	4	177108	605.9042828698275	48292.0	25012.0	6120.0
1874	12180	6083	129	1159	0.0116802	0.486799	177652	12145	6180	129	2	177081	896.2432705465632	48116.0	24988.0	5715.0
1875	12146	6101	129	460	0.00878228	0.450348	177652	12145	6180	129	2	177081	753.7771553980659	48116.0	24988.0	5715.0
1895	12214	6095	128	21	0.0160187	0.43714287167503718	177651	12133	6149	128	1	177081	958.7955986548958	48116.0	24988.0	5715.0
1898	12259	6196	128	92	0.0126651	0.2864130268926206	177651	12133	6149	128	1	177108	857.3913925390201	48292.0	25012.0	6120.0
1900	12268	6250	127	713	0.019424	0.278583	177650	12136	6142	127	2	177108	878.9590434144244	48292.0	25012.0	6120.0
1901	12229	6280	128	1097	0.016385	0.44427512489673537	177651	12133	6149	128	1	177108	728.4504101172571	48292.0	25012.0	6120.0
1902	12168	6263	128	43	0.0180615	0.37558147519133811	177651	12133	6149	128	1	177108	524.9761899362675	48292.0	25012.0	6120.0
1903	12159	6296	128	32	0.0165664	0.36281245946884155	177651	12133	6149	128	1	177108	526.8016704605254	48292.0	25012.0	6120.0
1922	11910	5963	121	94	0.0184343	0.41063828163958616	176699	11976	6022	121	1	176679	862.3207060021231	47204.0	24526.0	5130.0
1923	11843	5973	120	315	0.0188228	0.473683	176698	11977	6018	120	3	176626	667.7394701528434	46952.0	23518.0	5040.0
1926	11871	6085	121	86	0.0141553	0.527093	176699	11976	6022	121	2	176679	460.6745054808221	47204.0	24526.0	5130.0
1927	12030	6096	117	2156	0.0153338	0.287811	176695	11977	6007	117	7	177041	664.1626306861897	47724.0	24670.0	4815.0
1919	11877	5954	120	2398	0.010916	0.457031	176698	11977	6018	120	5	176679	818.178464639592	47204.0	24526.0	5130.0
1933	12399	6790	75	37	0.0153479	0.51945944090147278	172174	12390	6817	75	1	172177	146.3830591291219	49624.0	27272.0	3465.0
1938	12392	6659	75	726	0.00774482	0.336033	172636	12399	6693	75	3	172645	147.46185947559457	49486.0	26522.0	3330.0
1943	12423	6796	88	1197	0.0194314	0.312406	171883	12373	6726	88	4	171855	263.9848480500349	49504.0	27022.0	4050.0
1947	12356	6767	89	102	0.0121325	0.46382361767338776	171881	12334	6740	89	1	171855	102.66937225872184	49504.0	27022.0	4050.0
1948	12183	5322	81	431	0.00632207	0.342506	177319	12201	5349	81	3	177321	83.09632964216891	48668.0	21316.0	3600.0
1950	12231	5402	78	116	0.0180848	0.440517	177316	12157	5420	78	3	177321	398.62262855989496	48668.0	21316.0	3600.0
1958	12621	6586	174	1506	0.0045584	0.356487	168997	12625	6636	174	5	169001	160.96272860510285	50556.0	26394.0	7965.0
1962	12589	6451	165	1197	0.00599803	0.424436	168897	12619	6470	165	7	168900	78.0	50326.0	25732.0	7425.0
1966	12600	6615	168	958	0.0194228	0.364405	168920	12605	6551	168	4	169001	438.9954441677043	50556.0	26394.0	7965.0
1980	12500	6702	143	10505	0.00427585	0.305228	172937	12589	6710	143	18	172812	347.61041411327136	49878.0	26726.0	6120.0
1981	12597	6693	144	752	0.00407391	0.309043	172873	12583	6721	144	3	172939	112.05355862265152	50454.0	26782.0	6390.0
1983	12443	6572	146	1262	0.0104771	0.40187	172871	12552	6713	146	6	172906	191.41577782408638	49708.0	26276.0	6750.0
1985	12420	6587	143	1059	0.00676215	0.425033	172865	12473	6574	143	5	172876	102.03920815059278	49694.0	26394.0	6345.0
2029	12464	6613	129	903	0.00360525	0.45383146672549834	172802	12450	6623	129	1	172812	418.07296013973445	49878.0	26726.0	6120.0
2112	12496	6694	146	409	0.0190615	0.373105	172871	12552	6713	146	2	172812	465.01182780656234	49878.0	26726.0	6120.0
2137	12444	6578	148	1674	0.00245758	0.330806	172903	12472	6587	148	4	172906	118.40608092492548	49708.0	26276.0	6750.0
2145	11947	5876	168	2516	0.0197678	0.329245	176861	12054	5903	168	5	176841	725.936636353339	48278.0	24032.0	7470.0
2147	12009	5937	168	2292	0.0077544	0.298577	176861	12054	5903	168	4	176841	383.822875816437	48278.0	24032.0	7470.0
2149	12043	5991	167	1919	0.0119121	0.397337	176840	12048	5919	167	4	176841	133.73481222179961	48278.0	24032.0	7470.0
2158	12130	5996	159	2144	0.0104505	0.330051	176780	12083	5982	159	7	176784	185.84940139801367	48682.0	23998.0	7065.0
2169	12065	6008	156	411	0.00903708	0.380292	176777	12116	5977	156	3	176810	205.62344224333955	48276.0	23832.0	6975.0
2185	12202	5638	131	1557	0.0191935	0.376634	176722	12082	5597	131	5	176735	230.05434140654683	48602.0	22460.0	5850.0
2192	12059	5558	127	350	0.00754457	0.359171	176718	12103	5609	127	3	176735	451.8462127759842	48602.0	22460.0	5850.0
2208	11943	5879	167	870	0.0197678	0.352828	176840	12048	5919	167	2	176841	724.0973691431284	48278.0	24032.0	7470.0
2211	12008	5944	167	691	0.0154285	0.299146	176840	12048	5919	167	2	176841	357.8784709925983	48278.0	24032.0	7470.0
2212	12056	5977	167	426	0.0119121	0.450141	176840	12048	5919	167	2	176841	142.53771430747724	48278.0	24032.0	7470.0
2216	11898	5832	69	325	0.00792124	0.335108	177242	11934	5869	69	3	176372	118.2201336490532	47516.0	23318.0	3195.0
2215	11903	5767	69	99	0.0197255	0.34454546071062186	177242	11934	5869	69	1	176340	232.17450333746814	47664.0	23044.0	3330.0
2223	12173	6541	31	2325	0.0101388	0.316306	174606	12290	6700	31	7	174545	378.02116342871597	48652.0	25834.0	1215.0
2228	12170	6351	27	1630	0.0178984	0.272141	174539	12207	6434	27	7	174545	430.9106635951355	48652.0	25834.0	1215.0
2234	12304	6211	13	1024	0.00756679	0.357578	174199	12359	6231	13	4	174283	116.46887996370532	49172.0	24746.0	630.0
2235	12350	6308	13	78	0.0171568	0.42230767470139718	174199	12359	6231	13	1	174236	275.47050658827345	49590.0	25054.0	495.0
2247	12558	5990	42	1645	0.0174264	0.278255	174068	12473	5950	42	6	174641	95.4148835350125	50312.0	23908.0	1890.0
2258	12517	5969	53	1784	0.0106568	0.314092	174035	12514	5998	53	7	174039	102.43534546239398	50070.0	23784.0	2430.0
2271	12645	5917	72	247	0.0131373	0.42421	168433	12708	5807	72	3	172993	108.40664186294121	50634.0	23574.0	3240.0
2272	11994	6091	141	304	0.0172746	0.426414	177137	12027	6203	141	2	177683	392.4589150471677	48258.0	24404.0	6615.0
2273	12018	6170	141	408	0.00409829	0.431667	177137	12027	6203	141	2	177683	428.5697142822857	48258.0	24404.0	6615.0
2274	12046	6246	139	103	0.0120166	0.34252433406496507	177136	12040	6220	139	1	177108	175.13708916160505	48292.0	25012.0	6120.0
2292	11997	6256	127	1411	0.00122466	0.319596	177079	12000	6276	127	4	177081	132.9661611087573	48116.0	24988.0	5715.0
2326	11930	6204	108	2033	0.0116486	0.325002	177040	11932	6252	108	6	177041	152.82997088267732	47724.0	24670.0	4815.0
2345	12552	6451	32	3180	0.00219787	0.359101	174433	12526	6462	32	3	174436	152.1873844968761	50352.0	25824.0	1485.0
2351	12476	6494	23	565	0.00914886	0.417717	174424	12450	6411	23	4	174486	126.1269202034205	50026.0	25944.0	1035.0
2362	12138	6001	151	299	0.00667643	0.450937	176775	12154	5989	151	2	230382	58.180752831155424	48524.0	24028.0	6750.0
2368	12067	5997	155	12	0.0156802	0.5499999920527141	176771	12122	5941	155	1	176810	156.20499351813308	48276.0	23832.0	6975.0
2375	12468	6694	134	201	0.00747696	0.49283569487766243	172807	12472	6675	134	1	172812	103.1309846748299	49878.0	26726.0	6120.0
2377	12673	5215	150	1686	0.0113826	0.276216	176986	12623	5183	150	4	176990	142.36923825040296	50812.0	20922.0	6705.0
2388	12409	5250	140	375	0.0123165	0.383867	176907	12422	5279	140	4	176961	157.58172482873766	49492.0	20936.0	6300.0
2389	12385	5268	138	1359	0.0149696	0.29479	176899	12384	5330	138	5	176961	170.0	49492.0	20936.0	6300.0
2390	12354	5308	138	224	0.0105885	0.553125	176899	12384	5330	138	4	176961	318.57809089766357	49492.0	20936.0	6300.0
2395	12126	5533	129	190	0.0177828	0.44100004497327305	176717	12092	5557	129	1	176735	345.2723562638631	48602.0	22460.0	5850.0
2399	12060	5557	127	205	0.00754457	0.315073	176715	12091	5561	127	2	176735	450.65840722214426	48602.0	22460.0	5850.0
2406	12122	6071	153	996	0.00395954	0.292259	177728	12121	6096	153	4	177713	113.61337949379025	48450.0	24226.0	6795.0
2415	12081	6140	148	207	0.00817097	0.41516905706285856	177709	12118	6148	148	1	177683	175.26266002774236	48258.0	24404.0	6615.0
2429	12362	6324	37	3818	0.0150902	0.311763	173994	12455	6343	37	5	173929	680.6298553545826	49694.0	25542.0	2250.0
2434	12425	6359	50	6060	0.00598947	0.245838	173928	12477	6375	50	8	173929	106.16967551989597	49694.0	25542.0	2250.0
2438	12538	6326	59	16	0.0168259	0.38999998569488525	173864	12517	6361	59	1	173836	158.14234094637652	50302.0	25326.0	2700.0
2449	12605	6310	73	871	0.0123593	0.397314	173158	12521	6394	73	3	173211	105.54619841567009	50372.0	25334.0	3285.0
2451	12605	6310	73	871	0.0127406	0.397313	173152	12549	6266	73	3	173211	105.54619841567009	50372.0	25334.0	3285.0
2455	12673	5214	149	1415	0.00679955	0.263378	176987	12648	5206	149	2	176990	136.95254652615992	50812.0	20922.0	6705.0
2462	12490	6729	115	918	0.00379754	0.325675	171755	12485	6751	115	3	171811	134.59569086712992	49964.0	26816.0	5265.0
2463	12461	6791	115	1516	0.00368877	0.281873	171755	12485	6751	115	4	171770	100.5236290630218	49876.0	27248.0	5130.0
2470	12618	6378	145	250	0.0189754	0.40992010498046871	168707	12693	6403	145	1	168710	118.06777714516353	50450.0	25396.0	6525.0
2471	12729	6388	145	49	0.0146232	0.4063265274982063	168707	12693	6403	145	1	168769	185.5693940282179	50906.0	25596.0	6705.0
2473	12460	5317	148	310	0.0120823	0.322516	176918	12448	5344	148	2	176946	175.49074049647177	49944.0	21402.0	6705.0
2475	12446	5356	146	6237	0.00451803	0.275046	176916	12450	5320	146	7	176920	192.30444612644814	49664.0	21358.0	6705.0
2478	12450	5227	146	242	0.0174401	0.321529	176916	12450	5320	146	3	176961	410.54597793669836	49492.0	20936.0	6300.0
2479	12411	5251	141	63	0.0123165	0.488730233813089	176908	12431	5277	141	1	176961	172.4905794529081	49492.0	20936.0	6300.0
2486	11652	5969	43	1372	0.00451851	0.29672	176429	11656	5941	43	3	176431	140.71247279470288	46506.0	23912.0	1845.0
2488	11744	5879	46	917	0.0123089	0.475093	176426	11664	5939	46	4	176431	654.4776543167842	46506.0	23912.0	1845.0
2490	11611	5945	56	443	0.0121585	0.388081	176411	11734	5891	56	3	176533	875.6506152570213	46486.0	23450.0	3330.0
2505	12451	5090	44	3538	0.00749074	0.350842	165901	12447	5157	44	8	165903	128.80993750483694	49748.0	20244.0	1980.0
2506	12378	5075	42	143	0.0186697	0.48028	165935	12400	5138	42	2	165903	258.7121953059036	49748.0	20244.0	1980.0
2513	12519	5079	46	840	0.012957	0.330392	165859	12506	5172	46	3	165798	194.28072472584614	50212.0	20284.0	2205.0
2514	12547	5108	46	62	0.0151938	0.33774197486139113	165859	12506	5172	46	1	165798	201.75480167768004	50212.0	20284.0	2205.0
2515	12532	5095	48	2511	0.00420433	0.3072	165797	12539	5182	48	6	165798	135.26640381114595	50212.0	20284.0	2205.0
2520	12676	6300	145	1208	0.0105103	0.269023	168709	12642	6334	145	4	168739	93.1933474020544	50656.0	25134.0	6480.0
2529	12725	6411	147	199	0.00477274	0.38854255867962861	168768	12704	6410	147	1	168769	102.17631819555841	50906.0	25596.0	6705.0
2528	12729	6389	146	251	0.010731	0.382669	168767	12692	6404	146	3	168769	141.15594213493105	50906.0	25596.0	6705.0
2527	12625	6377	146	1401	0.0189754	0.382184	168767	12692	6404	146	3	168710	130.64838307457157	50450.0	25396.0	6525.0
2532	12625	6377	146	1401	0.0189754	0.382184	168766	12736	6444	146	3	168710	130.64838307457157	50450.0	25396.0	6525.0
2533	12729	6389	146	251	0.0146232	0.382669	168766	12736	6444	146	3	168769	141.15594213493105	50906.0	25596.0	6705.0
2534	12725	6411	147	199	0.0072824	0.38854255867962861	168851	12749	6450	147	1	168769	102.17631819555841	50906.0	25596.0	6705.0
2540	12319	6201	10	6084	0.00756679	0.297776	174232	12399	6189	10	6	174283	215.82400237230334	49172.0	24746.0	630.0
2542	12357	6303	11	1160	0.0171568	0.333302	174230	12390	6189	11	5	174236	226.29184695874486	49590.0	25054.0	495.0
2543	12362	6271	11	54	0.0196398	0.498333	174230	12390	6189	11	2	174236	145.13442045221387	49590.0	25054.0	495.0
2551	11925	6288	102	198	0.0122943	0.337778	177141	11950	6268	102	3	177142	134.23859355639868	47582.0	25216.0	4590.0
2554	11926	6194	106	291	0.0116486	0.46821316329064644	177036	11926	6238	106	1	177041	116.88028062936878	47724.0	24670.0	4815.0
2557	11856	5800	94	1372	0.0148834	0.263797	177188	11932	5803	94	3	177190	514.058362445355	47904.0	23016.0	4230.0
2559	11952	5759	94	132	0.0187097	0.57962117050633288	177186	11962	5822	94	1	177190	98.0612053770501	47904.0	23016.0	4230.0
2562	12457	6626	112	304	0.0164105	0.391184	171599	12503	6582	112	2	171600	121.51131634543344	49884.0	26406.0	4995.0
2563	12496	6635	114	70	0.015358	0.392571	171447	12521	6610	114	2	171571	211.43320458244017	50032.0	26640.0	5310.0
2568	11490	6511	102	2210	0.00593966	0.288448	177924	11543	6485	102	7	177939	1123.7192709925375	46968.0	25660.0	4905.0
2569	11561	6373	102	3991	0.00729018	0.3144	177924	11543	6485	102	8	177939	807.2329279706075	46968.0	25660.0	4905.0
2600	11559	6390	104	171	0.0155853	0.480234	177920	11572	6366	104	2	177939	772.3011070819464	46968.0	25660.0	4905.0
2601	11561	6374	103	1145	0.0181721	0.295545	177919	11590	6384	103	3	177939	789.9189831875165	46968.0	25660.0	4905.0
2605	12408	6458	121	887	0.0108275	0.395344	171477	12447	6478	121	3	171486	85.11756575466664	49560.0	25826.0	5490.0
2606	12492	6497	121	2562	0.00133268	0.298357	171477	12447	6478	121	5	171512	148.08105888330215	50046.0	26076.0	5535.0
2615	12405	6458	121	430	0.0125304	0.330349	171477	12447	6478	121	2	171486	75.23961722390672	49560.0	25826.0	5490.0
2616	12512	6474	120	65	0.0199775	0.37123078566331125	171478	12430	6473	120	1	171512	225.00888871331284	50046.0	26076.0	5535.0
2617	12493	6498	121	1153	0.00867541	0.253435	171477	12447	6478	121	2	171512	143.6384349678038	50046.0	26076.0	5535.0
2644	12309	6533	58	607	0.00735743	0.331977	173622	12258	6521	58	2	173565	140.0	49348.0	26216.0	2610.0
2645	12330	6547	60	2683	0.00318872	0.373686	173558	12285	6519	60	5	173565	98.32598842625484	49348.0	26216.0	2610.0
2658	12605	6309	72	361	0.0188516	0.38570642867577043	173485	12467	6441	72	1	173211	118.03812943282352	50372.0	25334.0	3285.0
2666	11684	5707	79	202	0.0177682	0.39450496258121903	176479	11645	5780	79	1	176481	184.06520583749662	46580.0	22866.0	3645.0
2680	12564	6452	34	4287	0.0146506	0.386961	174756	12672	6364	34	5	174436	107.2240644631605	50352.0	25824.0	1485.0
2683	12514	6108	31	4474	0.0105283	0.294079	174751	12645	6212	31	8	174701	80.49844718999243	49984.0	24396.0	1395.0
2687	12689	6192	30	1385	0.0154974	0.344022	174748	12639	6189	30	4	174762	92.33092656309694	50796.0	24838.0	1305.0
2688	12574	6043	32	145	0.0149901	0.436828	174688	12553	6074	32	3	174701	386.7104860228127	49984.0	24396.0	1395.0
2694	12559	5990	41	1063	0.0109626	0.289812	174069	12531	5993	41	4	174641	102.49390225764652	50312.0	23908.0	1890.0
2701	11734	6400	109	189	0.0151409	0.33962952144562253	177644	11736	6370	109	1	177939	68.0	46968.0	25660.0	4905.0
2715	11761	6121	113	203	0.00872524	0.37591124285618072	176657	11779	6134	113	1	176659	137.84048752090223	46946.0	24520.0	5175.0
2718	11897	5799	71	2583	0.00320266	0.355858	176337	11879	5768	71	6	176372	141.66156853571826	47516.0	23318.0	3195.0
2724	12452	6445	89	148	0.0161908	0.53986477207493144	173525	12441	6467	89	1	173421	125.26771331831678	49854.0	25706.0	4095.0
2725	12422	6445	89	49	0.0151409	0.40591843274174899	173525	12441	6467	89	1	173421	202.8102561509156	49854.0	25706.0	4095.0
2734	12339	6509	59	74	0.00977615	0.33229714470940663	173562	12351	6533	59	1	173565	185.7121428447801	49348.0	26216.0	2610.0
2735	12329	6547	60	2534	0.00208111	0.371089	173561	12346	6529	60	4	173565	99.53893710503444	49348.0	26216.0	2610.0
2740	12686	6193	29	954	0.00425961	0.314162	174757	12650	6200	29	2	174762	84.02380615040002	50796.0	24838.0	1305.0
2745	12844	5159	12	827	0.0189224	0.334547	176017	12848	5053	12	4	175609	973.0405952477008	51894.0	21258.0	1080.0
2759	12508	4836	8	193	0.00953599	0.355492	176083	12519	4859	8	2	176086	92.24424101265076	50052.0	19266.0	405.0
2760	12483	4823	12	7885	0.00241756	0.258001	176079	12509	4864	12	11	176086	182.48561587149823	50052.0	19266.0	405.0
2765	12540	4915	23	501	0.0188015	0.445409	176047	12563	4888	23	3	176048	93.74433316206373	50068.0	19678.0	1035.0
2769	12538	6326	59	16	0.0190752	0.38999998569488525	173893	12486	6398	59	1	173836	158.14234094637652	50302.0	25326.0	2700.0
2777	12800	4842	42	32	0.0157883	0.70937499403953552	175953	12801	4861	42	1	175955	118.69709347747316	51308.0	19348.0	1935.0
2778	12786	4846	42	80	0.0105893	0.48587493896484379	175953	12801	4861	42	1	175955	173.83037709215267	51308.0	19348.0	1935.0
2779	12820	4855	41	1633	0.00318224	0.359143	175952	12810	4875	41	4	175955	118.6086000254619	51308.0	19348.0	1935.0
2793	12475	5788	37	201	0.0179931	0.38283584366983447	174083	12541	5802	37	1	174111	135.1184665395519	49986.0	23058.0	1710.0
2794	12610	5798	38	1213	0.00522417	0.34277	174078	12517	5830	38	2	174085	110.69326989478628	50398.0	23284.0	1665.0
2806	12465	6396	89	31	0.0164804	0.49258059840048518	173414	12490	6399	89	1	173421	151.7234326002414	49854.0	25706.0	4095.0
2820	12619	6177	110	1710	0.00329148	0.286824	230281	12593	6157	110	3	230283	155.1547614480458	50624.0	24696.0	4905.0
2827	12217	5255	56	362	0.0107443	0.40431	176157	12239	5183	56	3	176200	130.9083648969767	48822.0	21134.0	2565.0
2831	12710	6338	85	61	0.00700808	0.33918030535588495	173264	12711	6323	85	1	173268	121.37545056559007	50914.0	25386.0	3915.0
2844	12674	6389	54	631	0.0159161	0.338003	174966	12602	6463	54	2	174852	516.0823577686027	50792.0	25446.0	2925.0
2846	12716	6241	60	1474	0.00983945	0.390916	174839	12685	6331	60	4	174852	536.780215730796	50792.0	25446.0	2925.0
2855	13005	4850	84	5091	0.0125134	0.276867	168370	12888	4912	84	7	-1	9999999.0	-1	-1	-1
2877	12789	4891	55	4335	0.00504229	0.324636	168132	12769	4892	55	10	168135	140.5844941663198	51264.0	19474.0	2475.0
2880	12626	5016	54	6110	0.0162976	0.234802	168131	12779	4915	54	13	165706	199.64969321288726	50476.0	20240.0	2520.0
2900	12645	5917	72	247	0.0160207	0.42421	172980	12741	5947	72	3	172993	108.40664186294121	50634.0	23574.0	3240.0
2902	12111	5297	51	87	0.00863585	0.50471264192427712	176252	12094	5280	51	1	176254	107.5174404457249	48492.0	21222.0	2385.0
2908	12961	5279	23	1663	0.00804198	0.303812	175608	12959	5216	23	8	175609	157.12733689590746	51894.0	21258.0	1080.0
2919	12776	5055	75	85	0.0199933	0.53282349530388329	168207	12765	4999	75	1	168210	188.0026595556563	51090.0	20402.0	3420.0
2921	12726	5037	69	3217	0.00451898	0.29326	168181	12745	5029	69	7	168182	68.26419266350405	50846.0	20184.0	3105.0
2931	12787	4894	56	3056	0.00590864	0.332232	168168	12757	4982	56	7	168135	160.88815991240622	51264.0	19474.0	2475.0
2941	12517	5969	53	1362	0.0122059	0.302687	174031	12543	6051	53	4	174039	102.43534546239398	50070.0	23784.0	2430.0
2943	12777	5055	75	146	0.0199933	0.459247	168207	12765	4999	75	2	168210	188.34277262480768	51090.0	20402.0	3420.0
2947	14607	4945	71	184	0.0164091	0.410217	164959	14547	4846	71	2	164965	667.5417589933982	57814.0	19534.0	3285.0
2948	14533	4776	58	5180	0.00632126	0.304722	164790	14568	4762	58	11	164893	125.28766898621747	58018.0	19078.0	2655.0
2961	14647	4675	43	172	0.010477	0.381919	164677	14651	4705	43	3	164678	132.4235628579748	58708.0	18644.0	1935.0
2962	14674	4687	43	194	0.0122159	0.520722	164677	14651	4705	43	2	164678	104.6900186264192	58708.0	18644.0	1935.0
2963	14692	4691	43	367	0.0161298	0.366294	164677	14651	4705	43	2	164678	134.16407864998737	58708.0	18644.0	1935.0
2964	14698	4701	41	657	0.0046913	0.401918	164675	14663	4712	41	4	164678	201.88115315699977	58708.0	18644.0	1935.0
2978	14650	4705	31	98	0.0175943	0.461429	164651	14674	4679	31	3	164653	57.766772456144714	58596.0	18856.0	1440.0
2983	14631	4724	25	117	0.0124094	0.374359	164279	14713	4643	25	4	164353	196.4001018329675	58382.0	18768.0	1170.0
2987	14239	5501	20	32	0.0127401	0.39156252145767212	163786	14388	5543	20	1	163888	118.81077392223317	56886.0	21908.0	900.0
2993	14533	4774	57	4479	0.0138633	0.30046	164916	14655	4714	57	8	164792	128.93796958227628	58074.0	18990.0	2520.0
2997	13058	5639	72	1378	0.0105406	0.376132	175152	13086	5710	72	4	175211	60.241181927316134	52234.0	22516.0	3285.0
3001	13057	5786	78	574	0.014895	0.375784	175107	13056	5820	78	4	175110	259.162111428349	52296.0	22898.0	3465.0
3007	13057	5786	78	574	0.0195727	0.375784	175076	12969	5836	78	4	175110	259.162111428349	52296.0	22898.0	3465.0
3009	12850	5776	73	2480	0.00155756	0.32025	168403	12857	5721	73	6	168407	77.02596964660685	51408.0	23166.0	3330.0
3010	12781	5546	71	2543	0.00886021	0.304137	168401	12824	5676	71	3	168469	868.4843118905487	51668.0	22236.0	3870.0
3011	13711	5041	81	2402	0.0185655	0.311257	175532	13632	5072	81	12	175453	263.88823391731586	54788.0	20290.0	3420.0
3014	13668	5049	75	137	0.0106409	0.538321	175402	13525	5074	75	2	175453	155.93909067324972	54788.0	20290.0	3420.0
3015	13421	5032	68	2469	0.0120041	0.288205	175388	13452	5032	68	7	175453	1172.4589545054446	54788.0	20290.0	3420.0
3017	12897	4749	56	297	0.0122004	0.439529	168327	12874	4727	56	2	168334	108.55873986004075	51536.0	19080.0	2475.0
3020	12824	4757	61	2604	0.00922492	0.273679	168309	12841	4794	61	5	168334	364.97123174299645	51536.0	19080.0	2475.0
3023	14465	4532	34	3149	0.0102076	0.26418	165071	14490	4483	34	5	165076	129.84991336154215	57800.0	18022.0	1485.0
3028	14583	4640	40	1367	0.00514003	0.393533	165008	14533	4579	40	4	165009	178.39282496782207	58392.0	18392.0	1800.0
3037	12645	5917	72	247	0.0194873	0.42421	172978	12581	5943	72	3	172993	108.40664186294121	50634.0	23574.0	3240.0
3041	12948	5638	87	883	0.0091809	0.361098	168446	12941	5608	87	3	168449	86.53323061113575	51864.0	22600.0	3915.0
3040	12966	5588	88	131	0.013183	0.46511450614638006	168447	12936	5609	88	1	168469	244.89181284804113	51668.0	22236.0	3870.0
3039	12900	5582	86	1949	0.00755453	0.348307	168445	12935	5608	86	6	168469	114.40279716860073	51668.0	22236.0	3870.0
3044	13030	5552	83	1372	0.0124309	0.295619	168442	12899	5618	83	5	168469	472.56004909429237	51668.0	22236.0	3870.0
3067	14386	5007	12	3894	0.00887432	0.410342	164062	14344	4936	12	6	164110	503.56330287263785	57544.0	19802.0	90.0
3084	14266	4893	28	553	0.00788799	0.386691	163963	14329	4952	28	4	163971	269.7202254188588	57296.0	19442.0	1305.0
3086	14325	5020	33	5740	0.013583	0.262848	163958	14228	5025	33	8	163971	662.9177927918363	57296.0	19442.0	1305.0
3090	14143	5185	42	122	0.0168668	0.36196736820408559	163949	14127	5155	42	1	164150	917.0130860571184	56620.0	20412.0	1035.0
3091	14123	5211	42	312	0.00726589	0.33798090616861975	163949	14127	5155	42	1	164150	966.4538271433354	56620.0	20412.0	1035.0
3099	14101	5498	35	874	0.0164431	0.469874	163930	14151	5401	35	3	-1	9999999.0	-1	-1	-1
3110	14380	4934	4	193	0.0154074	0.475285	164095	14387	4968	4	2	164110	114.15778554264269	57544.0	19802.0	90.0
3113	13709	5040	77	1678	0.00408798	0.360268	175495	13721	5010	77	8	175453	145.7017501610739	54788.0	20290.0	3420.0
3111	13742	5007	79	58	0.0154847	0.39103448802027208	175497	13726	5020	79	1	175499	105.13324878457813	55040.0	19966.0	3600.0
3115	13668	5050	75	317	0.0106409	0.524984	175423	13683	5007	75	5	175453	153.56106277308712	54788.0	20290.0	3420.0
3116	12526	5089	47	1664	0.012957	0.29628	165860	12434	5187	47	2	165798	157.9493589730582	50212.0	20284.0	2205.0
3123	12737	5791	77	1049	0.00476497	0.281926	175039	12716	5778	77	3	175042	186.34376834227646	50980.0	23324.0	3555.0
3128	13671	5049	75	127	0.0130172	0.530315	175406	13611	5052	75	2	175453	147.2311108427835	54788.0	20290.0	3420.0
3134	12644	5151	61	445	0.0104878	0.385214	165751	12638	5046	61	5	165706	439.45534471661625	50476.0	20240.0	2520.0
3141	12645	5152	61	164	0.0104878	0.41689	165748	12673	5103	61	2	165706	443.69471486597627	50476.0	20240.0	2520.0
3144	12624	5017	52	1662	0.00310454	0.243917	168127	12653	4987	52	3	165706	249.76789225198664	50476.0	20240.0	2520.0
3146	13260	5278	71	560	0.0137837	0.353607	175276	13235	5238	71	2	175329	91.14823092084673	53028.0	21120.0	3285.0
3149	14515	4885	1	1406	0.0125794	0.328549	165239	14526	4816	1	6	165268	155.0129026887762	58208.0	19530.0	90.0
3150	14486	4895	1	801	0.0121264	0.289076	165239	14526	4816	1	5	165242	38.62641583165593	57908.0	19594.0	45.0
3152	14675	4982	3	1414	0.0180878	0.37454	165235	14617	4869	3	5	165311	587.7244252198474	59246.0	19730.0	225.0
3154	14688	4895	9	187	0.00445016	0.484492	165229	14698	4866	9	2	165311	546.750400091303	59246.0	19730.0	225.0
3179	14429	6086	42	1864	0.0144002	0.329506	165449	14530	6153	42	4	165575	1076.199330979164	57644.0	24058.0	2925.0
3183	14521	6096	41	396	0.0118122	0.34447	165448	14553	6152	41	3	165511	858.9877763973129	58680.0	24996.0	1935.0
3194	14570	5979	29	554	0.0179525	0.310144	165434	14713	6116	29	4	165511	1312.7452151883854	58680.0	24996.0	1935.0
3197	14415	6059	67	1915	0.0107625	0.288459	165573	14457	6074	67	3	165575	200.0999750124922	57644.0	24058.0	2925.0
3202	14781	4772	34	144	0.00470401	0.4995830853780111	164748	14799	4758	34	1	164750	255.98632775990205	59214.0	18890.0	1665.0
3218	14270	4893	29	235	0.0113473	0.399489	163962	14287	4944	29	2	163971	252.10315349078837	57296.0	19442.0	1305.0
3220	15004	4785	17	472	0.0196711	0.430212	164522	14957	4847	17	2	164620	446.10424790624893	59738.0	18990.0	1080.0
3224	14844	4831	31	1132	0.0184633	0.31992	164492	14871	4930	31	4	164434	141.16656828017037	59468.0	19382.0	1485.0
3225	14944	4896	29	146	0.0140119	0.526301	164495	14894	4895	29	2	164397	99.81983770774224	59734.0	19594.0	1395.0
3227	14918	4921	31	1193	0.00837811	0.474166	164492	14871	4930	31	5	164397	109.288608738514	59734.0	19594.0	1395.0
3241	14900	4755	16	953	0.0129225	0.324785	164643	14839	4742	16	4	164620	386.70919306372843	59738.0	18990.0	1080.0
3245	14844	4590	22	496	0.0163259	0.339738	164591	14878	4691	22	6	164594	95.31526635329726	59460.0	18362.0	945.0
3249	14631	4724	24	75	0.0124094	0.328267	164325	14730	4608	24	2	164353	211.30073355291506	58382.0	18768.0	1170.0
3251	14896	4757	18	95	0.0159063	0.46368404187654189	164641	14851	4728	18	1	164620	313.14533367112466	59738.0	18990.0	1080.0
3261	14474	4536	30	970	0.00632758	0.378547	165190	14481	4479	30	2	165076	205.73040611440985	57800.0	18022.0	1485.0
3262	14628	4433	27	630	0.0198732	0.598699	164293	14507	4463	27	2	165146	403.5653602577902	58144.0	17828.0	1080.0
3264	14985	4891	2	917	0.0173125	0.390894	165333	14940	4906	2	6	165345	102.17631819555841	59946.0	19462.0	90.0
3277	14643	4800	28	121	0.0100439	0.41537191848124355	164330	14639	4779	28	1	164333	94.86832980505137	58626.0	19278.0	1260.0
3281	14840	4923	5	352	0.00408615	0.462472	165309	14849	4953	5	2	165311	120.16655108639841	59246.0	19730.0	225.0
3286	14844	4827	31	2370	0.0058918	0.328396	164396	14843	4863	31	6	164434	148.45874847916508	59468.0	19382.0	1485.0
3288	14918	4921	31	1334	0.0162092	0.45937	164396	14843	4863	31	6	164397	109.288608738514	59734.0	19594.0	1395.0
3290	14727	5005	31	2014	0.00884261	0.315507	164396	14843	4863	31	7	164250	103.36827366266692	58952.0	19938.0	1350.0
3298	13943	4964	37	4598	0.00489763	0.293332	164171	13903	4980	37	4	164174	223.62468557831446	55824.0	19658.0	1755.0
3300	13816	4891	34	686	0.0193526	0.308455	163928	13877	4999	34	4	164174	610.7871969843507	55824.0	19658.0	1755.0
3315	14726	5007	30	868	0.00541648	0.316889	164245	14781	4997	30	2	164250	102.0	58952.0	19938.0	1350.0
3317	14147	5312	42	1335	0.0194437	0.255618	163937	14110	5414	42	3	164150	1196.2211334030176	56620.0	20412.0	1035.0
3324	14064	5440	42	37	0.0147679	0.48729726430532094	163937	14110	5414	42	1	-1	9999999.0	-1	-1	-1
3339	14678	6249	41	94	0.00499177	0.34021280166950629	165509	14665	6228	41	1	165511	95.51963149007642	58680.0	24996.0	1935.0
3344	14535	5739	39	748	0.00617124	0.277366	163810	14545	5756	39	2	163812	109.5810202544218	58078.0	22964.0	1845.0
3349	14590	5754	31	1879	0.00524474	0.323289	163802	14548	5770	31	5	163812	533.5991004490169	58078.0	22964.0	1845.0
